datetime,GHI_actual,GHI_predicted
2024-06-21 15:45:00,6.27,-2.2333721240459696
2024-06-21 16:00:00,27.67,-1.4888815933032515
2024-06-21 16:15:00,59.47,27.030528890640785
2024-06-21 16:30:00,121.67,65.48065352921698
2024-06-21 16:45:00,199.13,103.97560337438465
2024-06-21 17:00:00,247.33,178.306166590062
2024-06-21 17:15:00,257.0,80.10730897848883
2024-06-21 17:30:00,235.6,312.93957875401867
2024-06-21 17:45:00,289.67,295.9115041733034
2024-06-21 18:00:00,333.33,291.5901240939437
2024-06-21 18:15:00,363.47,380.3668082495757
2024-06-21 18:30:00,406.67,473.41249650874533
2024-06-21 18:45:00,479.4,328.9390882315159
2024-06-21 19:00:00,600.87,369.3907214482798
2024-06-21 19:15:00,605.33,381.29479879597574
2024-06-21 19:30:00,573.47,372.0195264486603
2024-06-21 19:45:00,570.8,559.8105500690035
2024-06-21 20:00:00,710.8,508.5996498034591
2024-06-21 20:15:00,828.53,453.8617005005603
2024-06-21 20:30:00,797.2,533.7855536866783
2024-06-21 20:45:00,916.67,543.3021508298873
2024-06-21 21:00:00,0.0,47.1050919219784
2024-06-21 21:15:00,0.0,34.226696697986895
2024-06-21 21:30:00,0.0,11.25320275177213
2024-06-21 21:45:00,0.0,18.142136065901422
2024-06-21 22:00:00,0.0,11.083323925394883
2024-06-21 22:15:00,0.0,-4.412739641704568
2024-06-21 22:30:00,0.4,34.545295500940284
2024-06-21 22:45:00,13.67,66.15805514574548
2024-06-21 23:00:00,44.2,40.38242198059989
2024-06-21 23:15:00,95.73,56.93808997551218
2024-06-21 23:30:00,149.67,95.44102935302843
2024-06-21 23:45:00,204.53,156.89785085797814
2024-06-22 00:00:00,260.73,136.23361675016142
2024-06-22 00:15:00,339.87,268.2743907526785
2024-06-22 00:30:00,401.87,282.0389709247523
2024-06-22 00:45:00,474.53,278.8471304802245
2024-06-22 01:00:00,534.87,272.7733698069119
2024-06-22 01:15:00,544.13,243.74590689946123
2024-06-22 01:30:00,636.8,374.78900388078137
2024-06-22 01:45:00,662.87,305.21776603911184
2024-06-22 02:00:00,632.27,391.5356193825856
2024-06-22 02:15:00,581.0,450.7663348012854
2024-06-22 02:30:00,372.27,453.2394369060357
2024-06-22 02:45:00,384.33,580.0861036327041
2024-06-22 03:00:00,554.6,446.80009856857924
2024-06-22 03:15:00,745.87,452.01418853037177
2024-06-22 03:30:00,856.4,617.7509730073309
2024-06-22 03:45:00,603.67,305.26351438255
2024-06-22 04:00:00,0.0,10.269740897031566
2024-06-22 04:15:00,0.0,19.60158291091046
2024-06-22 04:30:00,0.0,4.83104516258378
2024-06-22 04:45:00,0.0,10.758520075881751
2024-06-22 05:00:00,0.0,-6.405332221244985
2024-06-22 05:15:00,0.0,-1.8828511399442849
2024-06-22 05:30:00,0.53,-1.599660018093803
2024-06-22 05:45:00,10.6,5.107490969568446
2024-06-22 06:00:00,33.8,16.86008576472915
2024-06-22 06:15:00,53.67,9.85352126146419
2024-06-22 06:30:00,88.67,24.59199923209479
2024-06-22 06:45:00,129.53,98.16038484271128
2024-06-22 07:00:00,175.07,199.58074812270357
2024-06-22 07:15:00,254.27,147.5583325521343
2024-06-22 07:30:00,370.73,256.56997158554384
2024-06-22 07:45:00,406.07,345.22517722518506
2024-06-22 08:00:00,391.13,329.542300834681
2024-06-22 08:15:00,356.13,309.9756984801883
2024-06-22 08:30:00,471.4,500.2609614443493
2024-06-22 08:45:00,717.0,530.0429286880589
2024-06-22 09:00:00,727.33,473.6115757396787
2024-06-22 09:15:00,753.67,445.480158172536
2024-06-22 09:30:00,811.07,444.6966446522332
2024-06-22 09:45:00,776.4,535.5234236797027
2024-06-22 10:00:00,567.53,365.91362218464536
2024-06-22 10:15:00,931.2,563.8816691690262
2024-06-22 10:30:00,889.07,500.09187307041265
2024-06-22 10:45:00,1013.53,598.4967315403617
2024-06-22 11:00:00,0.0,20.619626736191762
2024-06-22 11:15:00,0.0,9.983982951488317
2024-06-22 11:30:00,0.0,13.620065538184322
2024-06-22 11:45:00,0.0,-2.433957891016078
2024-06-22 12:00:00,0.0,6.852146360909805
2024-06-22 12:15:00,0.0,9.283845049085171
2024-06-22 12:30:00,0.53,1.0885059656951406
2024-06-22 12:45:00,11.6,11.518727338566261
2024-06-22 13:00:00,26.27,3.5225853124995954
2024-06-22 13:15:00,53.33,20.697510491438514
2024-06-22 13:30:00,98.33,34.91439777448295
2024-06-22 13:45:00,143.2,121.30620754895102
2024-06-22 14:00:00,147.8,167.24810031377376
2024-06-22 14:15:00,131.67,188.50409675454225
2024-06-22 14:30:00,254.6,149.99077758440453
2024-06-22 14:45:00,443.07,246.436354657326
2024-06-22 15:00:00,613.53,244.2903604655025
2024-06-22 15:15:00,599.2,321.7302555326933
2024-06-22 15:30:00,590.8,423.15805170636935
2024-06-22 15:45:00,681.8,276.37614444447746
2024-06-22 16:00:00,715.47,442.2990226234779
2024-06-22 16:15:00,691.93,391.03209849176096
2024-06-22 16:30:00,696.07,266.82698313197466
2024-06-22 16:45:00,589.33,551.4907910196065
2024-06-22 17:00:00,553.47,406.2988884486086
2024-06-22 17:15:00,534.87,422.3775904695828
2024-06-22 17:30:00,484.53,502.6399953962856
2024-06-22 17:45:00,588.87,457.44390697061436
2024-06-22 18:00:00,0.0,36.35622653725792
2024-06-22 18:15:00,0.0,4.247598473075554
2024-06-22 18:30:00,0.0,-17.70675693293217
2024-06-22 18:45:00,0.0,5.877953808319982
2024-06-22 19:00:00,0.0,4.04395622868855
2024-06-22 19:15:00,0.0,5.814338604728878
2024-06-22 19:30:00,0.13,76.33628040539601
2024-06-22 19:45:00,1.2,1.0024211662658569
2024-06-22 20:00:00,0.4,23.22405224954486
2024-06-22 20:15:00,0.07,30.120012195650745
2024-06-22 20:30:00,3.33,40.24432851105091
2024-06-22 20:45:00,3.07,100.68013350570499
2024-06-22 21:00:00,7.2,95.36972519565983
2024-06-22 21:15:00,19.87,147.55740007739985
2024-06-22 21:30:00,54.73,110.56466409143042
2024-06-22 21:45:00,70.73,217.6980506209069
2024-06-22 22:00:00,146.73,217.51974092522468
2024-06-22 22:15:00,285.73,275.2507284988324
2024-06-22 22:30:00,267.27,324.8415078742286
2024-06-22 22:45:00,342.13,331.99529905033614
2024-06-22 23:00:00,368.27,379.2078703262633
2024-06-22 23:15:00,522.93,343.0157967404354
2024-06-22 23:30:00,702.07,291.8538484124589
2024-06-22 23:45:00,699.6,436.10788304396596
2024-06-23 00:00:00,617.4,468.4173159681451
2024-06-23 00:15:00,751.8,507.08390657685175
2024-06-23 00:30:00,729.93,612.0570829019152
2024-06-23 00:45:00,805.07,589.2990845482489
2024-06-23 01:00:00,0.0,58.29535134262158
2024-06-23 01:15:00,0.0,-6.272056363828351
2024-06-23 01:30:00,0.0,43.56208681915818
2024-06-23 01:45:00,0.0,59.48418674272648
2024-06-23 02:00:00,0.0,-15.250102952419232
2024-06-23 02:15:00,0.0,0.4028704489913555
2024-06-23 02:30:00,0.33,39.168711677644595
2024-06-23 02:45:00,11.13,35.57614937245323
2024-06-23 03:00:00,38.07,41.282202598179865
2024-06-23 03:15:00,79.33,-32.11513256512693
2024-06-23 03:30:00,123.13,68.75398700754266
2024-06-23 03:45:00,154.8,80.5596275553473
2024-06-23 04:00:00,209.6,143.8494728070312
2024-06-23 04:15:00,284.53,107.50991618868761
2024-06-23 04:30:00,292.8,171.94083210364676
2024-06-23 04:45:00,344.13,229.2718574215854
2024-06-23 05:00:00,416.13,195.55177915542725
2024-06-23 05:15:00,488.8,230.27768093799875
2024-06-23 05:30:00,469.27,356.36898906339144
2024-06-23 05:45:00,538.2,388.97594064820385
2024-06-23 06:00:00,649.0,321.41826919451097
2024-06-23 06:15:00,471.13,309.5193141083755
2024-06-23 06:30:00,238.6,541.16705965622
2024-06-23 06:45:00,331.13,316.15640490215816
2024-06-23 07:00:00,474.07,317.27663907353406
2024-06-23 07:15:00,632.07,342.1770608474474
2024-06-23 07:30:00,730.6,371.23332919048323
2024-06-23 07:45:00,735.6,270.9764722549323
2024-06-23 08:00:00,0.0,10.302769590163836
2024-06-23 08:15:00,0.0,-5.746307709815413
2024-06-23 08:30:00,0.0,-7.846233324912695
2024-06-23 08:45:00,0.0,21.644829229708634
2024-06-23 09:00:00,0.0,-10.186224192343024
2024-06-23 09:15:00,0.0,3.1147309412273936
2024-06-23 09:30:00,0.0,2.5180822664546456
2024-06-23 09:45:00,3.47,2.8560395852409868
2024-06-23 10:00:00,16.67,47.08106933737108
2024-06-23 10:15:00,23.07,-6.832084493672695
2024-06-23 10:30:00,29.87,80.39340180446241
2024-06-23 10:45:00,68.6,117.71788082698875
2024-06-23 11:00:00,127.2,136.10248131872302
2024-06-23 11:15:00,94.13,77.40598938169344
2024-06-23 11:30:00,91.67,113.21046912672871
2024-06-23 11:45:00,122.73,279.9346053532932
2024-06-23 12:00:00,230.13,200.8291172850489
2024-06-23 12:15:00,219.67,251.1499633962614
2024-06-23 12:30:00,330.07,310.2986651023163
2024-06-23 12:45:00,243.73,301.9569970046215
2024-06-23 13:00:00,375.07,398.5446990097669
2024-06-23 13:15:00,403.27,454.4017550978835
2024-06-23 13:30:00,523.0,138.2706785394474
2024-06-23 13:45:00,357.47,309.64092576199874
2024-06-23 14:00:00,392.67,349.1137475275501
2024-06-23 14:15:00,201.27,519.9999749334685
2024-06-23 14:30:00,149.27,236.50403051715628
2024-06-23 14:45:00,136.53,482.4002877886477
2024-06-23 15:00:00,0.0,29.386573032459125
2024-06-23 15:15:00,0.0,33.588128454377504
2024-06-23 15:30:00,0.0,0.5096287148759029
2024-06-23 15:45:00,0.0,46.080917611469715
2024-06-23 16:00:00,0.0,3.905062864459327
2024-06-23 16:15:00,0.0,29.31328463658994
2024-06-23 16:30:00,0.0,-10.511434614916936
2024-06-23 16:45:00,0.07,22.06621552380879
2024-06-23 17:00:00,3.8,47.45192609793474
2024-06-23 17:15:00,18.93,13.266859307540077
2024-06-23 17:30:00,37.4,21.961780244618094
2024-06-23 17:45:00,46.67,154.09276397655418
2024-06-23 18:00:00,76.33,102.51097917811994
2024-06-23 18:15:00,98.33,215.3796831470369
2024-06-23 18:30:00,113.53,177.06275221668778
2024-06-23 18:45:00,154.6,320.88924004998375
2024-06-23 19:00:00,183.4,237.86085770526273
2024-06-23 19:15:00,249.0,275.44625987129115
2024-06-23 19:30:00,356.4,262.2301465799547
2024-06-23 19:45:00,631.53,311.64477143948443
2024-06-23 20:00:00,647.87,372.97198591920693
2024-06-23 20:15:00,863.93,443.19479660950685
2024-06-23 20:30:00,951.93,430.81324052109477
2024-06-23 20:45:00,909.13,502.8551848722216
2024-06-23 21:00:00,1006.8,367.67766277224376
2024-06-23 21:15:00,817.33,292.4911949379154
2024-06-23 21:30:00,609.0,285.5042123507663
2024-06-23 21:45:00,712.2,312.07177899735126
2024-06-23 22:00:00,0.0,29.137726208593005
2024-06-23 22:15:00,0.0,10.230694565045681
2024-06-23 22:30:00,0.0,51.35823279946083
2024-06-23 22:45:00,0.0,36.237442417934275
2024-06-23 23:00:00,0.0,20.390868814469805
2024-06-23 23:15:00,0.0,24.736245944834177
2024-06-23 23:30:00,0.8,1.966341208743519
2024-06-23 23:45:00,7.53,14.561982885660525
2024-06-24 00:00:00,24.73,5.798290662619706
2024-06-24 00:15:00,53.33,22.94232301754215
2024-06-24 00:30:00,106.67,30.167954081405547
2024-06-24 00:45:00,199.47,107.87452771722776
2024-06-24 01:00:00,301.53,135.0889649692157
2024-06-24 01:15:00,209.33,166.1799044795483
2024-06-24 01:30:00,208.4,206.71342467122997
2024-06-24 01:45:00,265.33,219.01501080743222
2024-06-24 02:00:00,358.53,157.38413980788943
2024-06-24 02:15:00,241.4,176.10505864662855
2024-06-24 02:30:00,239.4,119.48026167948329
2024-06-24 02:45:00,284.87,340.6618149189087
2024-06-24 03:00:00,404.2,404.3792295069429
2024-06-24 03:15:00,586.87,325.8969513836363
2024-06-24 03:30:00,324.67,434.12763778667403
2024-06-24 03:45:00,682.47,421.88881046830267
2024-06-24 04:00:00,754.2,535.4497722794029
2024-06-24 04:15:00,941.07,487.75350501245805
2024-06-24 04:30:00,966.67,329.4952914642623
2024-06-24 04:45:00,892.4,452.3980129783587
2024-06-24 05:00:00,0.0,25.10176291165149
2024-06-24 05:15:00,0.0,11.666376016185348
2024-06-24 05:30:00,0.0,6.048504038286355
2024-06-24 05:45:00,0.0,-6.795113524697431
2024-06-24 06:00:00,0.0,-5.330211198477902
2024-06-24 06:15:00,0.0,10.708278844802267
2024-06-24 06:30:00,0.07,-2.3657665482162127
2024-06-24 06:45:00,8.8,36.291560157734494
2024-06-24 07:00:00,43.0,50.60404924993751
2024-06-24 07:15:00,105.33,31.285911602670012
2024-06-24 07:30:00,153.8,29.400910905298517
2024-06-24 07:45:00,153.87,73.99139900626552
2024-06-24 08:00:00,184.0,100.82808127886936
2024-06-24 08:15:00,213.0,117.11149048418808
2024-06-24 08:30:00,200.4,92.35327930972039
2024-06-24 08:45:00,107.87,216.3473311687611
2024-06-24 09:00:00,108.73,183.1335661906646
2024-06-24 09:15:00,141.47,215.67706717241074
2024-06-24 09:30:00,253.47,324.85855753007036
2024-06-24 09:45:00,415.87,242.25399471349556
2024-06-24 10:00:00,280.73,207.55416297512866
2024-06-24 10:15:00,482.2,168.93505692306343
2024-06-24 10:30:00,529.6,285.91322320236634
2024-06-24 10:45:00,295.47,374.9768106061323
2024-06-24 11:00:00,415.07,315.6164588815415
2024-06-24 11:15:00,808.47,360.4427625714009
2024-06-24 11:30:00,570.33,302.027572662901
2024-06-24 11:45:00,351.53,260.1440042666748
2024-06-24 12:00:00,0.0,87.69279558535561
2024-06-24 12:15:00,0.0,27.563275484791344
2024-06-24 12:30:00,0.0,15.120404865502183
2024-06-24 12:45:00,0.0,-7.756441824016239
2024-06-24 13:00:00,0.0,-14.90970263440388
2024-06-24 13:15:00,0.0,31.994326211894002
2024-06-24 13:30:00,0.0,16.101371938279133
2024-06-24 13:45:00,0.0,45.02251476990652
2024-06-24 14:00:00,3.2,65.3630227020903
2024-06-24 14:15:00,10.73,15.47760963656695
2024-06-24 14:30:00,15.47,96.78141462306716
2024-06-24 14:45:00,22.4,168.95717091808532
2024-06-24 15:00:00,32.0,190.97546855409723
2024-06-24 15:15:00,51.4,177.67293610638436
2024-06-24 15:30:00,95.07,266.7263234894355
2024-06-24 15:45:00,156.33,187.43707877871154
2024-06-24 16:00:00,232.4,239.01143077090873
2024-06-24 16:15:00,268.87,277.85141159870625
2024-06-24 16:30:00,200.73,359.5360275188921
2024-06-24 16:45:00,281.53,500.32519895379687
2024-06-24 17:00:00,330.93,479.9280675977547
2024-06-24 17:15:00,499.87,326.6103094737146
2024-06-24 17:30:00,524.93,405.607630084351
2024-06-24 17:45:00,522.67,332.93518908580177
2024-06-24 18:00:00,612.47,327.47424894113567
2024-06-24 18:15:00,898.93,422.2982598566745
2024-06-24 18:30:00,938.87,536.1526634988957
2024-06-24 18:45:00,927.13,331.713910592652
2024-06-24 19:00:00,0.0,-7.390056879095756
2024-06-24 19:15:00,0.0,36.37956660743953
2024-06-24 19:30:00,0.0,69.11769330952949
2024-06-24 19:45:00,0.0,94.47154593996919
2024-06-24 20:00:00,0.0,-7.972249044916299
2024-06-24 20:15:00,0.0,26.857630744907308
2024-06-24 20:30:00,0.0,1.2100934320077021
2024-06-24 20:45:00,0.0,-16.438977906461933
2024-06-24 21:00:00,1.0,40.52861702049972
2024-06-24 21:15:00,6.87,87.72194141220403
2024-06-24 21:30:00,30.67,169.87288312262902
2024-06-24 21:45:00,60.73,175.11963977820446
2024-06-24 22:00:00,74.8,169.55473586854313
2024-06-24 22:15:00,89.67,214.62618789563638
2024-06-24 22:30:00,93.27,222.3179161438844
2024-06-24 22:45:00,126.47,167.5568746549365
2024-06-24 23:00:00,175.4,417.2825571109378
2024-06-24 23:15:00,244.07,419.67769315786893
2024-06-24 23:30:00,259.67,315.3893660682541
2024-06-24 23:45:00,271.67,386.8451106173762
2024-06-25 00:00:00,399.67,524.309180259061
2024-06-25 00:15:00,839.33,336.9621311164486
2024-06-25 00:30:00,865.73,382.775251936707
2024-06-25 00:45:00,828.13,442.5362154042538
2024-06-25 01:00:00,920.6,477.61334894852547
2024-06-25 01:15:00,0.0,145.0074438157595
2024-06-25 01:30:00,0.0,7.226260121050871
2024-06-25 01:45:00,0.0,-3.8470174364026404
2024-06-25 02:00:00,0.0,-13.047295674094192
2024-06-25 02:15:00,0.0,13.730895383949898
2024-06-25 02:30:00,0.0,50.0143377399076
2024-06-25 02:45:00,0.4,-5.909352669490145
2024-06-25 03:00:00,8.0,-0.29500408102748404
2024-06-25 03:15:00,25.0,21.499738031167503
2024-06-25 03:30:00,83.13,32.104233853838814
2024-06-25 03:45:00,138.4,47.59159426681092
2024-06-25 04:00:00,106.2,164.4932268533073
2024-06-25 04:15:00,83.27,147.36744640953978
2024-06-25 04:30:00,128.07,174.6142855361731
2024-06-25 04:45:00,193.53,213.11984718762307
2024-06-25 05:00:00,184.87,303.20982366192925
2024-06-25 05:15:00,116.2,230.0838146164952
2024-06-25 05:30:00,177.73,234.6391653558325
2024-06-25 05:45:00,252.73,285.4746037285378
2024-06-25 06:00:00,397.27,464.3529820830652
2024-06-25 06:15:00,334.0,395.99646151938924
2024-06-25 06:30:00,156.6,440.33297355425486
2024-06-25 06:45:00,394.6,302.2528258939077
2024-06-25 07:00:00,289.33,490.65776440963106
2024-06-25 07:15:00,299.27,444.47143864427625
2024-06-25 07:30:00,808.8,417.5713365421055
2024-06-25 07:45:00,371.47,484.8282329396239
2024-06-25 08:00:00,0.0,-0.893851564046361
2024-06-25 08:15:00,0.0,20.75545309126978
2024-06-25 08:30:00,0.0,1.391268379187245
2024-06-25 08:45:00,0.0,-15.703050800183696
2024-06-25 09:00:00,0.0,14.07832282606647
2024-06-25 09:15:00,0.31,-0.011283163917111368
2024-06-25 09:30:00,7.2,15.882400752716917
2024-06-25 09:45:00,294.67,180.16163180501974
2024-06-25 10:00:00,449.5,274.81324549634843
2024-06-25 10:15:00,237.67,286.3224818944296
2024-06-25 10:30:00,214.5,299.69920340193096
2024-06-25 10:45:00,213.2,332.74581580791886
2024-06-25 11:00:00,604.0,237.62196466517454
2024-06-25 11:15:00,0.0,44.468609265528315
2024-06-25 11:30:00,0.0,0.38963739406504566
2024-06-25 11:45:00,0.0,-2.7945175379270784
2024-06-25 12:00:00,0.0,-14.456848397269187
2024-06-25 12:15:00,0.0,30.88057710927701
2024-06-25 12:30:00,0.0,-32.0767206716385
2024-06-25 12:45:00,0.0,24.140790006812757
2024-06-25 13:00:00,2.4,7.887292761085207
2024-06-25 13:15:00,11.13,12.716096744910207
2024-06-25 13:30:00,50.73,7.53147978676758
2024-06-25 13:45:00,106.33,71.8826065268478
2024-06-25 14:00:00,124.8,108.61708701025596
2024-06-25 14:15:00,122.47,92.3833884718596
2024-06-25 14:30:00,126.13,122.25931859551983
2024-06-25 14:45:00,69.0,175.72381870168397
2024-06-25 15:00:00,78.13,276.578092593984
2024-06-25 15:15:00,180.4,270.29115517325135
2024-06-25 15:30:00,178.67,324.2607634540624
2024-06-25 15:45:00,175.73,435.2088481527137
2024-06-25 16:00:00,268.8,394.2645515499382
2024-06-25 16:15:00,349.08,325.368652765955
2024-06-25 16:30:00,371.73,379.5707565968603
2024-06-25 16:45:00,329.27,355.8980028863329
2024-06-25 17:00:00,279.87,402.8819278959785
2024-06-25 17:15:00,264.67,304.6416205834269
2024-06-25 17:30:00,259.33,376.2000592149221
2024-06-25 17:45:00,244.33,356.0484346108808
2024-06-25 18:00:00,0.0,84.00319953785117
2024-06-25 18:15:00,0.0,52.76044477065264
2024-06-25 18:30:00,0.0,9.923250413950004
2024-06-25 18:45:00,0.08,-4.43623604497819
2024-06-25 19:00:00,5.75,86.66611463690144
2024-06-25 19:15:00,30.08,2.7333229524612617
2024-06-25 19:30:00,51.83,23.087694982949508
2024-06-25 19:45:00,85.62,91.20761168296694
2024-06-25 20:00:00,168.91,83.84370854163339
2024-06-25 20:15:00,192.36,225.59565013146914
2024-06-25 20:30:00,153.13,228.78701696996467
2024-06-25 20:45:00,111.38,403.1100294293975
2024-06-25 21:00:00,212.5,330.5395968752032
2024-06-25 21:15:00,288.0,244.26214246328098
2024-06-25 21:30:00,446.75,329.91316458334694
2024-06-25 21:45:00,671.22,363.40415247216185
2024-06-25 22:00:00,543.0,347.37095930477443
2024-06-25 22:15:00,514.6,402.3463874581741
2024-06-25 22:30:00,0.0,68.62225568501093
2024-06-25 22:45:00,0.0,21.81751609442583
2024-06-25 23:00:00,0.0,-1.0981231074344826
2024-06-25 23:15:00,1.42,-12.400541532799258
2024-06-25 23:30:00,9.7,42.0888642557635
2024-06-25 23:45:00,74.0,97.6794558368278
2024-06-26 00:00:00,267.25,110.61383095897783
2024-06-26 00:15:00,367.42,84.76404357753815
2024-06-26 00:30:00,533.14,343.33565905324616
2024-06-26 00:45:00,559.7,312.6569571615348
2024-06-26 01:00:00,522.17,475.57014358968274
2024-06-26 01:15:00,425.64,445.93056077475717
2024-06-26 01:30:00,381.91,314.1779152407999
2024-06-26 01:45:00,587.5,448.0373991066422
2024-06-26 02:00:00,331.67,454.07742785395595
2024-06-26 02:15:00,0.0,47.129733967099625
2024-06-26 02:30:00,38.5,125.39069590111774
2024-06-26 02:45:00,599.93,529.768227123879
2024-06-26 03:00:00,0.0,41.54213448404747
2024-06-26 03:15:00,0.0,1.2695122503674177
2024-06-26 03:30:00,0.0,5.691733144598526
2024-06-26 03:45:00,0.0,-7.458013272525432
2024-06-26 04:00:00,0.0,-17.68752249198795
2024-06-26 04:15:00,0.0,9.910944653173921
2024-06-26 04:30:00,0.13,-12.26936284734421
2024-06-26 04:45:00,12.2,24.223692125768586
2024-06-26 05:00:00,40.07,-12.744121700133354
2024-06-26 05:15:00,89.8,19.206120773287388
2024-06-26 05:30:00,191.47,39.09120469531908
2024-06-26 05:45:00,129.67,106.84012750691876
2024-06-26 06:00:00,177.07,113.66619285571953
2024-06-26 06:15:00,227.73,141.67988335955442
2024-06-26 06:30:00,246.07,280.08597032827146
2024-06-26 06:45:00,291.53,427.8447293894853
2024-06-26 07:00:00,339.2,399.67248642983566
2024-06-26 07:15:00,310.07,246.89842990168424
2024-06-26 07:30:00,567.87,469.22548662119954
2024-06-26 07:45:00,415.4,323.7120820091608
2024-06-26 08:00:00,619.13,326.4689769674446
2024-06-26 08:15:00,715.27,310.3051592897803
2024-06-26 08:30:00,653.07,314.39168792864723
2024-06-26 08:45:00,766.6,357.7493962954314
2024-06-26 09:00:00,733.67,364.18746742926635
2024-06-26 09:15:00,648.53,322.21012100322247
2024-06-26 09:30:00,700.53,200.41372301503395
2024-06-26 09:45:00,342.67,283.90595391810183
2024-06-26 10:00:00,277.8,264.5577350092542
2024-06-26 10:15:00,327.93,435.85084447926545
2024-06-26 10:30:00,429.6,391.11772189381037
2024-06-26 10:45:00,386.6,350.06900433253827
2024-06-26 11:00:00,505.87,381.2329693369887
2024-06-26 11:15:00,521.13,380.28733044639654
2024-06-26 11:30:00,526.33,447.59820074319384
2024-06-26 11:45:00,460.33,326.5317254599177
2024-06-26 12:00:00,0.0,12.53476788901538
2024-06-26 12:15:00,0.0,-1.3629463101836248
2024-06-26 12:30:00,0.0,-4.140310229858426
2024-06-26 12:45:00,0.0,-6.988381875509814
2024-06-26 13:00:00,0.0,-8.450838189365093
2024-06-26 13:15:00,0.0,3.6957051828312966
2024-06-26 13:30:00,0.0,-11.368053034392023
2024-06-26 13:45:00,2.07,-3.206909769438193
2024-06-26 14:00:00,10.8,13.061390328432141
2024-06-26 14:15:00,25.2,19.905918174328434
2024-06-26 14:30:00,42.33,47.381559645487314
2024-06-26 14:45:00,67.47,64.70042616619357
2024-06-26 15:00:00,87.27,94.85582942833399
2024-06-26 15:15:00,116.67,151.96701680494814
2024-06-26 15:30:00,167.07,205.45723698025049
2024-06-26 15:45:00,180.0,268.38332000449907
2024-06-26 16:00:00,180.07,257.3314023130881
2024-06-26 16:15:00,151.53,243.12081149606783
2024-06-26 16:30:00,169.27,316.935596829619
2024-06-26 16:45:00,187.73,393.99732558553114
2024-06-26 17:00:00,206.53,485.8711692564502
2024-06-26 17:15:00,229.8,330.657547675924
2024-06-26 17:30:00,253.07,461.54997993977446
2024-06-26 17:45:00,237.33,404.67239927174916
2024-06-26 18:00:00,247.27,404.79087151031865
2024-06-26 18:15:00,234.53,465.8994538339076
2024-06-26 18:30:00,154.8,317.32875751702124
